Jumlah Cluster (k),Cohesion,Silhouette Coefficient
2,4263.876800933236,0.034122314167064044
3,4161.842124090271,0.020029334615866073
4,4057.488498226774,0.015867437856207704
5,3968.792440817507,0.01301308072143813
6,3898.769335159047,0.008860298553387071
7,3834.1246303041075,0.0075068351348112
8,3780.982948119129,0.005377059498480432
9,3722.2079747834496,0.006430081131023715
10,3673.8079254662584,0.0037443962365189434
