Jumlah Cluster (k),Cohesion / WCSS / Inertia,Silhouette Coefficient
2,49058.413528652,0.07327764414068316
3,46676.926797312866,0.062210674510245735
4,44883.305453840505,0.0616824456971472
5,43501.953271219005,0.05977630313754077
6,42328.66866183341,0.061534262986690035
7,41297.39655281644,0.06003460966335316
8,40366.30201937221,0.0623028415534631
9,39550.82948428996,0.061968865809096385
10,38776.092784928085,0.06272699939627537
